real_eye_x,real_eye_y,real_eye_z,real_marker_x,real_marker_y,real_marker_z,timestamp
162.354,138.927,819.778,205,200,92.023,-0.016
162.354,138.927,819.778,205,200,92.023,0.04
162.354,138.927,819.778,205,200,92.023,0.087
162.354,138.927,819.778,205,200,92.023,0.132
162.354,138.927,819.778,205,200,92.023,0.176
162.354,138.927,819.778,205,200,92.023,0.218
162.354,138.927,819.778,205,200,92.023,0.26
162.354,138.927,819.778,205,200,92.023,0.304
162.354,138.927,819.778,205,200,92.023,0.338
162.354,138.927,819.778,205,200,92.023,0.393
162.354,138.927,819.778,205,200,92.023,0.437
162.354,138.927,819.778,205,200,92.023,0.463
162.354,138.927,819.778,205,200,92.023,0.497
162.354,138.927,819.778,205,200,92.023,0.524
162.354,138.927,819.778,205,200,92.023,0.571
162.354,138.927,819.778,205,200,92.023,0.607
162.354,138.927,819.778,205,200,92.023,0.659
162.354,138.927,819.778,205,200,92.023,0.712
162.354,138.927,819.778,205,200,92.023,0.751
162.354,138.927,819.778,205,200,92.023,0.807
162.354,138.927,819.778,205,200,92.023,0.851
162.354,138.927,819.778,205,200,92.023,0.885
162.354,138.927,819.778,205,200,92.023,0.953
162.354,138.927,819.778,205,200,92.023,0.995
162.354,138.927,819.778,205,200,92.023,1.04
162.354,138.927,819.778,205,200,92.023,1.084
162.354,138.927,819.778,205,200,92.023,1.128
162.354,138.927,819.778,205,200,92.023,1.171
162.354,138.927,819.778,205,200,92.023,1.204
162.354,138.927,819.778,205,200,92.023,1.25
162.354,138.927,819.778,205,200,92.023,1.286
162.354,138.927,819.778,205,200,92.023,1.32
162.354,138.927,819.778,205,200,92.023,1.341
162.354,138.927,819.778,205,200,92.023,1.374
162.354,138.927,819.778,205,200,92.023,1.41
162.354,138.927,819.778,205,200,92.023,1.459
162.354,138.927,819.778,205,200,92.023,1.503
162.354,138.927,819.778,205,200,92.023,1.542
162.354,138.927,819.778,205,200,92.023,1.59
162.354,138.927,819.778,205,200,92.023,1.632
162.354,138.927,819.778,205,200,92.023,1.679
162.354,138.927,819.778,205,200,92.023,1.736
162.354,138.927,819.778,205,200,92.023,1.791
162.354,138.927,819.778,205,200,92.023,1.843
162.354,138.927,819.778,205,200,92.023,1.877
162.354,138.927,819.778,205,200,92.023,1.917
162.354,138.927,819.778,205,200,92.023,1.978
162.354,138.927,819.778,205,200,92.023,2.02
162.354,138.927,819.778,205,200,92.023,2.063
162.354,138.927,819.778,205,200,92.023,2.112
162.354,138.927,819.778,205,200,92.023,2.149
162.354,138.927,819.778,205,200,92.023,2.193
162.354,138.927,819.778,205,200,92.023,2.25
162.354,138.927,819.778,205,200,92.023,2.294
162.354,138.927,819.778,205,200,92.023,2.335
162.354,138.927,819.778,205,200,92.023,2.379
162.354,138.927,819.778,205,200,92.023,2.418
162.354,138.927,819.778,205,200,92.023,2.466
162.354,138.927,819.778,205,200,92.023,2.512
162.354,138.927,819.778,205,200,92.023,2.548
162.354,138.927,819.778,205,200,92.023,2.597
162.354,138.927,819.778,205,200,92.023,2.641
162.354,138.927,819.778,205,200,92.023,2.685
162.354,138.927,819.778,205,200,92.023,2.729
162.354,138.927,819.778,205,200,92.023,2.786
162.354,138.927,819.778,205,200,92.023,2.833
162.354,138.927,819.778,205,200,92.023,2.869
162.354,138.927,819.778,205,200,92.023,2.914
162.354,138.927,819.778,205,200,92.023,2.948
162.354,138.927,819.778,205,200,92.023,2.993
162.354,138.927,819.778,205,200,92.023,3.046
162.354,138.927,819.778,255,100,92.023,3.094
162.354,138.927,819.778,255,100,92.023,3.142
162.354,138.927,819.778,255,100,92.023,3.2
162.354,138.927,819.778,255,100,92.023,3.248
162.354,138.927,819.778,255,100,92.023,3.282
162.354,138.927,819.778,255,100,92.023,3.325
162.354,138.927,819.778,255,100,92.023,3.38
162.354,138.927,819.778,255,100,92.023,3.424
162.354,138.927,819.778,255,100,92.023,3.472
162.354,138.927,819.778,255,100,92.023,3.518
162.354,138.927,819.778,255,100,92.023,3.544
162.354,138.927,819.778,255,100,92.023,3.579
162.354,138.927,819.778,255,100,92.023,3.602
162.354,138.927,819.778,255,100,92.023,3.637
162.354,138.927,819.778,255,100,92.023,3.684
162.354,138.927,819.778,255,100,92.023,3.729
162.354,138.927,819.778,255,100,92.023,3.782
162.354,138.927,819.778,255,100,92.023,3.825
162.354,138.927,819.778,255,100,92.023,3.862
162.354,138.927,819.778,255,100,92.023,3.906
162.354,138.927,819.778,255,100,92.023,3.949
162.354,138.927,819.778,255,100,92.023,3.992
162.354,138.927,819.778,255,100,92.023,4.037
162.354,138.927,819.778,255,100,92.023,4.08
162.354,138.927,819.778,255,100,92.023,4.122
162.354,138.927,819.778,255,100,92.023,4.159
162.354,138.927,819.778,255,100,92.023,4.201
162.354,138.927,819.778,255,100,92.023,4.257
162.354,138.927,819.778,255,100,92.023,4.317
162.354,138.927,819.778,255,100,92.023,4.354
162.354,138.927,819.778,255,100,92.023,4.399
162.354,138.927,819.778,255,100,92.023,4.446
162.354,138.927,819.778,255,100,92.023,4.484
162.354,138.927,819.778,255,100,92.023,4.547
162.354,138.927,819.778,255,100,92.023,4.592
162.354,138.927,819.778,255,100,92.023,4.642
162.354,138.927,819.778,255,100,92.023,4.677
162.354,138.927,819.778,255,100,92.023,4.738
162.354,138.927,819.778,255,100,92.023,4.798
162.354,138.927,819.778,255,100,92.023,4.853
162.354,138.927,819.778,255,100,92.023,4.887
162.354,138.927,819.778,255,100,92.023,4.932
162.354,138.927,819.778,255,100,92.023,4.986
162.354,138.927,819.778,255,100,92.023,5.02
162.354,138.927,819.778,255,100,92.023,5.062
162.354,138.927,819.778,255,100,92.023,5.123
162.354,138.927,819.778,255,100,92.023,5.18
162.354,138.927,819.778,255,100,92.023,5.213
162.354,138.927,819.778,255,100,92.023,5.258
162.354,138.927,819.778,255,100,92.023,5.305
162.354,138.927,819.778,255,100,92.023,5.351
162.354,138.927,819.778,255,100,92.023,5.406
162.354,138.927,819.778,255,100,92.023,5.451
162.354,138.927,819.778,255,100,92.023,5.505
162.354,138.927,819.778,255,100,92.023,5.542
162.354,138.927,819.778,255,100,92.023,5.59
162.354,138.927,819.778,255,100,92.023,5.643
162.354,138.927,819.778,255,100,92.023,5.674
162.354,138.927,819.778,255,100,92.023,5.72
162.354,138.927,819.778,255,100,92.023,5.754
162.354,138.927,819.778,255,100,92.023,5.8
162.354,138.927,819.778,255,100,92.023,5.858
162.354,138.927,819.778,255,100,92.023,5.904
162.354,138.927,819.778,255,100,92.023,5.943
162.354,138.927,819.778,255,100,92.023,6.006
162.354,138.927,819.778,280,150,92.023,6.048
162.354,138.927,819.778,280,150,92.023,6.082
162.354,138.927,819.778,280,150,92.023,6.137
162.354,138.927,819.778,280,150,92.023,6.18
162.354,138.927,819.778,280,150,92.023,6.23
162.354,138.927,819.778,280,150,92.023,6.261
162.354,138.927,819.778,280,150,92.023,6.312
162.354,138.927,819.778,280,150,92.023,6.359
162.354,138.927,819.778,280,150,92.023,6.404
162.354,138.927,819.778,280,150,92.023,6.449
162.354,138.927,819.778,280,150,92.023,6.475
162.354,138.927,819.778,280,150,92.023,6.508
162.354,138.927,819.778,280,150,92.023,6.533
162.354,138.927,819.778,280,150,92.023,6.568
162.354,138.927,819.778,280,150,92.023,6.618
162.354,138.927,819.778,280,150,92.023,6.676
162.354,138.927,819.778,280,150,92.023,6.723
162.354,138.927,819.778,280,150,92.023,6.78
162.354,138.927,819.778,280,150,92.023,6.813
162.354,138.927,819.778,280,150,92.023,6.87
162.354,138.927,819.778,280,150,92.023,6.916
162.354,138.927,819.778,280,150,92.023,6.954
162.354,138.927,819.778,280,150,92.023,6.998
162.354,138.927,819.778,280,150,92.023,7.043
162.354,138.927,819.778,280,150,92.023,7.076
162.354,138.927,819.778,280,150,92.023,7.121
162.354,138.927,819.778,280,150,92.023,7.162
162.354,138.927,819.778,280,150,92.023,7.196
162.354,138.927,819.778,280,150,92.023,7.25
162.354,138.927,819.778,280,150,92.023,7.295
162.354,138.927,819.778,280,150,92.023,7.332
162.354,138.927,819.778,280,150,92.023,7.377
162.354,138.927,819.778,280,150,92.023,7.425
162.354,138.927,819.778,280,150,92.023,7.465
162.354,138.927,819.778,280,150,92.023,7.52
162.354,138.927,819.778,280,150,92.023,7.565
162.354,138.927,819.778,280,150,92.023,7.604
162.354,138.927,819.778,280,150,92.023,7.66
162.354,138.927,819.778,280,150,92.023,7.704
162.354,138.927,819.778,280,150,92.023,7.74
162.354,138.927,819.778,280,150,92.023,7.784
162.354,138.927,819.778,280,150,92.023,7.827
162.354,138.927,819.778,280,150,92.023,7.872
162.354,138.927,819.778,280,150,92.023,7.918
162.354,138.927,819.778,280,150,92.023,7.952
162.354,138.927,819.778,280,150,92.023,8.01
162.354,138.927,819.778,280,150,92.023,8.056
162.354,138.927,819.778,280,150,92.023,8.103
162.354,138.927,819.778,280,150,92.023,8.139
162.354,138.927,819.778,280,150,92.023,8.181
162.354,138.927,819.778,280,150,92.023,8.213
162.354,138.927,819.778,280,150,92.023,8.253
162.354,138.927,819.778,280,150,92.023,8.289
162.354,138.927,819.778,280,150,92.023,8.332
162.354,138.927,819.778,280,150,92.023,8.377
162.354,138.927,819.778,280,150,92.023,8.419
162.354,138.927,819.778,280,150,92.023,8.472
162.354,138.927,819.778,280,150,92.023,8.524
162.354,138.927,819.778,280,150,92.023,8.567
162.354,138.927,819.778,280,150,92.023,8.605
162.354,138.927,819.778,280,150,92.023,8.66
162.354,138.927,819.778,280,150,92.023,8.707
162.354,138.927,819.778,280,150,92.023,8.741
162.354,138.927,819.778,280,150,92.023,8.792
162.354,138.927,819.778,280,150,92.023,8.837
162.354,138.927,819.778,280,150,92.023,8.872
162.354,138.927,819.778,280,150,92.023,8.916
162.354,138.927,819.778,280,150,92.023,8.955
162.354,138.927,819.778,280,150,92.023,8.994
162.354,138.927,819.778,280,150,92.023,9.051
162.354,138.927,819.778,255,150,92.023,9.087
162.354,138.927,819.778,255,150,92.023,9.146
162.354,138.927,819.778,255,150,92.023,9.201
162.354,138.927,819.778,255,150,92.023,9.255
162.354,138.927,819.778,255,150,92.023,9.302
162.354,138.927,819.778,255,150,92.023,9.335
162.354,138.927,819.778,255,150,92.023,9.38
162.354,138.927,819.778,255,150,92.023,9.412
162.354,138.927,819.778,255,150,92.023,9.457
162.354,138.927,819.778,255,150,92.023,9.5
162.354,138.927,819.778,255,150,92.023,9.526
162.354,138.927,819.778,255,150,92.023,9.564
162.354,138.927,819.778,255,150,92.023,9.586
162.354,138.927,819.778,255,150,92.023,9.61
162.354,138.927,819.778,255,150,92.023,9.646
162.354,138.927,819.778,255,150,92.023,9.693
162.354,138.927,819.778,255,150,92.023,9.732
162.354,138.927,819.778,255,150,92.023,9.781
162.354,138.927,819.778,255,150,92.023,9.827
162.354,138.927,819.778,255,150,92.023,9.872
162.354,138.927,819.778,255,150,92.023,9.921
162.354,138.927,819.778,255,150,92.023,9.96
162.354,138.927,819.778,255,150,92.023,9.996
162.354,138.927,819.778,255,150,92.023,10.05
162.354,138.927,819.778,255,150,92.023,10.093
162.354,138.927,819.778,255,150,92.023,10.13
162.354,138.927,819.778,255,150,92.023,10.176
162.354,138.927,819.778,255,150,92.023,10.219
162.354,138.927,819.778,255,150,92.023,10.263
162.354,138.927,819.778,255,150,92.023,10.318
162.354,138.927,819.778,255,150,92.023,10.351
162.354,138.927,819.778,255,150,92.023,10.395
162.354,138.927,819.778,255,150,92.023,10.435
162.354,138.927,819.778,255,150,92.023,10.48
162.354,138.927,819.778,255,150,92.023,10.533
162.354,138.927,819.778,255,150,92.023,10.579
162.354,138.927,819.778,255,150,92.023,10.623
162.354,138.927,819.778,255,150,92.023,10.676
162.354,138.927,819.778,255,150,92.023,10.722
162.354,138.927,819.778,255,150,92.023,10.774
162.354,138.927,819.778,255,150,92.023,10.819
162.354,138.927,819.778,255,150,92.023,10.871
162.354,138.927,819.778,255,150,92.023,10.913
162.354,138.927,819.778,255,150,92.023,10.948
162.354,138.927,819.778,255,150,92.023,10.99
162.354,138.927,819.778,255,150,92.023,11.033
162.354,138.927,819.778,255,150,92.023,11.065
162.354,138.927,819.778,255,150,92.023,11.109
162.354,138.927,819.778,255,150,92.023,11.152
162.354,138.927,819.778,255,150,92.023,11.194
162.354,138.927,819.778,255,150,92.023,11.235
162.354,138.927,819.778,255,150,92.023,11.271
162.354,138.927,819.778,255,150,92.023,11.33
162.354,138.927,819.778,255,150,92.023,11.391
162.354,138.927,819.778,255,150,92.023,11.432
162.354,138.927,819.778,255,150,92.023,11.464
162.354,138.927,819.778,255,150,92.023,11.509
162.354,138.927,819.778,255,150,92.023,11.542
162.354,138.927,819.778,255,150,92.023,11.584
162.354,138.927,819.778,255,150,92.023,11.634
162.354,138.927,819.778,255,150,92.023,11.676
162.354,138.927,819.778,255,150,92.023,11.721
162.354,138.927,819.778,255,150,92.023,11.764
162.354,138.927,819.778,255,150,92.023,11.799
162.354,138.927,819.778,255,150,92.023,11.841
162.354,138.927,819.778,255,150,92.023,11.873
162.354,138.927,819.778,255,150,92.023,11.935
162.354,138.927,819.778,255,150,92.023,11.977
162.354,138.927,819.778,255,150,92.023,12.024
162.354,138.927,819.778,255,200,92.023,12.062
162.354,138.927,819.778,255,200,92.023,12.105
162.354,138.927,819.778,255,200,92.023,12.142
162.354,138.927,819.778,255,200,92.023,12.19
162.354,138.927,819.778,255,200,92.023,12.233
162.354,138.927,819.778,255,200,92.023,12.279
162.354,138.927,819.778,255,200,92.023,12.334
162.354,138.927,819.778,255,200,92.023,12.377
162.354,138.927,819.778,255,200,92.023,12.414
162.354,138.927,819.778,255,200,92.023,12.467
162.354,138.927,819.778,255,200,92.023,12.511
162.354,138.927,819.778,255,200,92.023,12.538
162.354,138.927,819.778,255,200,92.023,12.571
162.354,138.927,819.778,255,200,92.023,12.597
162.354,138.927,819.778,255,200,92.023,12.633
162.354,138.927,819.778,255,200,92.023,12.667
162.354,138.927,819.778,255,200,92.023,12.711
162.354,138.927,819.778,255,200,92.023,12.745
162.354,138.927,819.778,255,200,92.023,12.788
162.354,138.927,819.778,255,200,92.023,12.824
162.354,138.927,819.778,255,200,92.023,12.86
162.354,138.927,819.778,255,200,92.023,12.906
162.354,138.927,819.778,255,200,92.023,12.941
162.354,138.927,819.778,255,200,92.023,12.983
162.354,138.927,819.778,255,200,92.023,13.018
162.354,138.927,819.778,255,200,92.023,13.075
162.354,138.927,819.778,255,200,92.023,13.123
162.354,138.927,819.778,255,200,92.023,13.168
162.354,138.927,819.778,255,200,92.023,13.202
162.354,138.927,819.778,255,200,92.023,13.245
162.354,138.927,819.778,255,200,92.023,13.28
162.354,138.927,819.778,255,200,92.023,13.334
162.354,138.927,819.778,255,200,92.023,13.378
162.354,138.927,819.778,255,200,92.023,13.412
162.354,138.927,819.778,255,200,92.023,13.454
162.354,138.927,819.778,255,200,92.023,13.489
162.354,138.927,819.778,255,200,92.023,13.539
162.354,138.927,819.778,255,200,92.023,13.592
162.354,138.927,819.778,255,200,92.023,13.65
162.354,138.927,819.778,255,200,92.023,13.686
162.354,138.927,819.778,255,200,92.023,13.742
162.354,138.927,819.778,255,200,92.023,13.787
162.354,138.927,819.778,255,200,92.023,13.821
162.354,138.927,819.778,255,200,92.023,13.871
162.354,138.927,819.778,255,200,92.023,13.913
162.354,138.927,819.778,255,200,92.023,13.944
162.354,138.927,819.778,255,200,92.023,14.002
162.354,138.927,819.778,255,200,92.023,14.045
162.354,138.927,819.778,255,200,92.023,14.087
162.354,138.927,819.778,255,200,92.023,14.13
162.354,138.927,819.778,255,200,92.023,14.183
162.354,138.927,819.778,255,200,92.023,14.232
162.354,138.927,819.778,255,200,92.023,14.265
162.354,138.927,819.778,255,200,92.023,14.309
162.354,138.927,819.778,255,200,92.023,14.357
162.354,138.927,819.778,255,200,92.023,14.398
162.354,138.927,819.778,255,200,92.023,14.451
162.354,138.927,819.778,255,200,92.023,14.496
162.354,138.927,819.778,255,200,92.023,14.53
162.354,138.927,819.778,255,200,92.023,14.574
162.354,138.927,819.778,255,200,92.023,14.61
162.354,138.927,819.778,255,200,92.023,14.654
162.354,138.927,819.778,255,200,92.023,14.692
162.354,138.927,819.778,255,200,92.023,14.73
162.354,138.927,819.778,255,200,92.023,14.782
162.354,138.927,819.778,255,200,92.023,14.827
162.354,138.927,819.778,255,200,92.023,14.874
162.354,138.927,819.778,255,200,92.023,14.922
162.354,138.927,819.778,255,200,92.023,14.967
162.354,138.927,819.778,255,200,92.023,14.998
162.354,138.927,819.778,255,200,92.023,15.041
162.354,138.927,819.778,205,100,92.023,15.075
162.354,138.927,819.778,205,100,92.023,15.118
162.354,138.927,819.778,205,100,92.023,15.15
162.354,138.927,819.778,205,100,92.023,15.196
162.354,138.927,819.778,205,100,92.023,15.237
162.354,138.927,819.778,205,100,92.023,15.273
162.354,138.927,819.778,205,100,92.023,15.317
162.354,138.927,819.778,205,100,92.023,15.359
162.354,138.927,819.778,205,100,92.023,15.413
162.354,138.927,819.778,205,100,92.023,15.457
162.354,138.927,819.778,205,100,92.023,15.515
162.354,138.927,819.778,205,100,92.023,15.55
162.354,138.927,819.778,205,100,92.023,15.586
162.354,138.927,819.778,205,100,92.023,15.611
162.354,138.927,819.778,205,100,92.023,15.642
162.354,138.927,819.778,205,100,92.023,15.666
162.354,138.927,819.778,205,100,92.023,15.702
162.354,138.927,819.778,205,100,92.023,15.729
162.354,138.927,819.778,205,100,92.023,15.788
162.354,138.927,819.778,205,100,92.023,15.828
162.354,138.927,819.778,205,100,92.023,15.871
162.354,138.927,819.778,205,100,92.023,15.915
162.354,138.927,819.778,205,100,92.023,15.95
162.354,138.927,819.778,205,100,92.023,15.994
162.354,138.927,819.778,205,100,92.023,16.039
162.354,138.927,819.778,205,100,92.023,16.084
162.354,138.927,819.778,205,100,92.023,16.125
162.354,138.927,819.778,205,100,92.023,16.183
162.354,138.927,819.778,205,100,92.023,16.226
162.354,138.927,819.778,205,100,92.023,16.266
162.354,138.927,819.778,205,100,92.023,16.309
162.354,138.927,819.778,205,100,92.023,16.347
162.354,138.927,819.778,205,100,92.023,16.408
162.354,138.927,819.778,205,100,92.023,16.452
162.354,138.927,819.778,205,100,92.023,16.495
162.354,138.927,819.778,205,100,92.023,16.53
162.354,138.927,819.778,205,100,92.023,16.571
162.354,138.927,819.778,205,100,92.023,16.617
162.354,138.927,819.778,205,100,92.023,16.66
162.354,138.927,819.778,205,100,92.023,16.708
162.354,138.927,819.778,205,100,92.023,16.742
162.354,138.927,819.778,205,100,92.023,16.786
162.354,138.927,819.778,205,100,92.023,16.818
162.354,138.927,819.778,205,100,92.023,16.863
162.354,138.927,819.778,205,100,92.023,16.907
162.354,138.927,819.778,205,100,92.023,16.94
162.354,138.927,819.778,205,100,92.023,16.982
162.354,138.927,819.778,205,100,92.023,17.014
162.354,138.927,819.778,205,100,92.023,17.057
162.354,138.927,819.778,205,100,92.023,17.099
162.354,138.927,819.778,205,100,92.023,17.131
162.354,138.927,819.778,205,100,92.023,17.178
162.354,138.927,819.778,205,100,92.023,17.224
162.354,138.927,819.778,205,100,92.023,17.272
162.354,138.927,819.778,205,100,92.023,17.316
162.354,138.927,819.778,205,100,92.023,17.361
162.354,138.927,819.778,205,100,92.023,17.396
162.354,138.927,819.778,205,100,92.023,17.438
162.354,138.927,819.778,205,100,92.023,17.473
162.354,138.927,819.778,205,100,92.023,17.518
162.354,138.927,819.778,205,100,92.023,17.561
162.354,138.927,819.778,205,100,92.023,17.596
162.354,138.927,819.778,205,100,92.023,17.641
162.354,138.927,819.778,205,100,92.023,17.677
162.354,138.927,819.778,205,100,92.023,17.721
162.354,138.927,819.778,205,100,92.023,17.773
162.354,138.927,819.778,205,100,92.023,17.816
162.354,138.927,819.778,205,100,92.023,17.858
162.354,138.927,819.778,205,100,92.023,17.91
162.354,138.927,819.778,205,100,92.023,17.943
162.354,138.927,819.778,205,100,92.023,17.992
162.354,138.927,819.778,205,100,92.023,18.033
162.354,138.927,819.778,180,200,92.023,18.066
162.354,138.927,819.778,180,200,92.023,18.11
162.354,138.927,819.778,180,200,92.023,18.152
162.354,138.927,819.778,180,200,92.023,18.205
162.354,138.927,819.778,180,200,92.023,18.247
162.354,138.927,819.778,180,200,92.023,18.281
162.354,138.927,819.778,180,200,92.023,18.325
162.354,138.927,819.778,180,200,92.023,18.375
162.354,138.927,819.778,180,200,92.023,18.407
162.354,138.927,819.778,180,200,92.023,18.454
162.354,138.927,819.778,180,200,92.023,18.494
162.354,138.927,819.778,180,200,92.023,18.543
162.354,138.927,819.778,180,200,92.023,18.59
162.354,138.927,819.778,180,200,92.023,18.637
162.354,138.927,819.778,180,200,92.023,18.661
162.354,138.927,819.778,180,200,92.023,18.695
162.354,138.927,819.778,180,200,92.023,18.719
162.354,138.927,819.778,180,200,92.023,18.744
162.354,138.927,819.778,180,200,92.023,18.788
162.354,138.927,819.778,180,200,92.023,18.822
162.354,138.927,819.778,180,200,92.023,18.865
162.354,138.927,819.778,180,200,92.023,18.907
162.354,138.927,819.778,180,200,92.023,18.95
162.354,138.927,819.778,180,200,92.023,19.009
162.354,138.927,819.778,180,200,92.023,19.053
162.354,138.927,819.778,180,200,92.023,19.098
162.354,138.927,819.778,180,200,92.023,19.133
162.354,138.927,819.778,180,200,92.023,19.179
162.354,138.927,819.778,180,200,92.023,19.213
162.354,138.927,819.778,180,200,92.023,19.254
162.354,138.927,819.778,180,200,92.023,19.285
162.354,138.927,819.778,180,200,92.023,19.327
162.354,138.927,819.778,180,200,92.023,19.369
162.354,138.927,819.778,180,200,92.023,19.409
162.354,138.927,819.778,180,200,92.023,19.452
162.354,138.927,819.778,180,200,92.023,19.483
162.354,138.927,819.778,180,200,92.023,19.528
162.354,138.927,819.778,180,200,92.023,19.574
162.354,138.927,819.778,180,200,92.023,19.617
162.354,138.927,819.778,180,200,92.023,19.662
162.354,138.927,819.778,180,200,92.023,19.722
162.354,138.927,819.778,180,200,92.023,19.761
162.354,138.927,819.778,180,200,92.023,19.795
162.354,138.927,819.778,180,200,92.023,19.85
162.354,138.927,819.778,180,200,92.023,19.881
162.354,138.927,819.778,180,200,92.023,19.929
162.354,138.927,819.778,180,200,92.023,19.981
162.354,138.927,819.778,180,200,92.023,20.023
162.354,138.927,819.778,180,200,92.023,20.061
162.354,138.927,819.778,180,200,92.023,20.104
162.354,138.927,819.778,180,200,92.023,20.138
162.354,138.927,819.778,180,200,92.023,20.183
162.354,138.927,819.778,180,200,92.023,20.219
162.354,138.927,819.778,180,200,92.023,20.264
162.354,138.927,819.778,180,200,92.023,20.308
162.354,138.927,819.778,180,200,92.023,20.345
162.354,138.927,819.778,180,200,92.023,20.395
162.354,138.927,819.778,180,200,92.023,20.438
162.354,138.927,819.778,180,200,92.023,20.482
162.354,138.927,819.778,180,200,92.023,20.527
162.354,138.927,819.778,180,200,92.023,20.571
162.354,138.927,819.778,180,200,92.023,20.603
162.354,138.927,819.778,180,200,92.023,20.647
162.354,138.927,819.778,180,200,92.023,20.693
162.354,138.927,819.778,180,200,92.023,20.728
162.354,138.927,819.778,180,200,92.023,20.772
162.354,138.927,819.778,180,200,92.023,20.811
162.354,138.927,819.778,180,200,92.023,20.868
162.354,138.927,819.778,180,200,92.023,20.91
162.354,138.927,819.778,180,200,92.023,20.958
162.354,138.927,819.778,180,200,92.023,20.995
162.354,138.927,819.778,180,200,92.023,21.039
162.354,138.927,819.778,180,100,92.023,21.08
162.354,138.927,819.778,180,100,92.023,21.137
162.354,138.927,819.778,180,100,92.023,21.178
162.354,138.927,819.778,180,100,92.023,21.213
162.354,138.927,819.778,180,100,92.023,21.255
162.354,138.927,819.778,180,100,92.023,21.291
162.354,138.927,819.778,180,100,92.023,21.331
162.354,138.927,819.778,180,100,92.023,21.382
162.354,138.927,819.778,180,100,92.023,21.414
162.354,138.927,819.778,180,100,92.023,21.457
162.354,138.927,819.778,180,100,92.023,21.507
162.354,138.927,819.778,180,100,92.023,21.549
162.354,138.927,819.778,180,100,92.023,21.592
162.354,138.927,819.778,180,100,92.023,21.635
162.354,138.927,819.778,180,100,92.023,21.671
162.354,138.927,819.778,180,100,92.023,21.707
162.354,138.927,819.778,180,100,92.023,21.732
162.354,138.927,819.778,180,100,92.023,21.767
162.354,138.927,819.778,180,100,92.023,21.79
162.354,138.927,819.778,180,100,92.023,21.846
162.354,138.927,819.778,180,100,92.023,21.882
162.354,138.927,819.778,180,100,92.023,21.936
162.354,138.927,819.778,180,100,92.023,21.979
162.354,138.927,819.778,180,100,92.023,22.015
162.354,138.927,819.778,180,100,92.023,22.062
162.354,138.927,819.778,180,100,92.023,22.108
162.354,138.927,819.778,180,100,92.023,22.144
162.354,138.927,819.778,180,100,92.023,22.188
162.354,138.927,819.778,180,100,92.023,22.229
162.354,138.927,819.778,180,100,92.023,22.263
162.354,138.927,819.778,180,100,92.023,22.311
162.354,138.927,819.778,180,100,92.023,22.342
162.354,138.927,819.778,180,100,92.023,22.385
162.354,138.927,819.778,180,100,92.023,22.419
162.354,138.927,819.778,180,100,92.023,22.464
162.354,138.927,819.778,180,100,92.023,22.506
162.354,138.927,819.778,180,100,92.023,22.538
162.354,138.927,819.778,180,100,92.023,22.592
162.354,138.927,819.778,180,100,92.023,22.644
162.354,138.927,819.778,180,100,92.023,22.689
162.354,138.927,819.778,180,100,92.023,22.728
162.354,138.927,819.778,180,100,92.023,22.776
162.354,138.927,819.778,180,100,92.023,22.808
162.354,138.927,819.778,180,100,92.023,22.853
162.354,138.927,819.778,180,100,92.023,22.887
162.354,138.927,819.778,180,100,92.023,22.934
162.354,138.927,819.778,180,100,92.023,22.977
162.354,138.927,819.778,180,100,92.023,23.022
162.354,138.927,819.778,180,100,92.023,23.07
162.354,138.927,819.778,180,100,92.023,23.129
162.354,138.927,819.778,180,100,92.023,23.174
162.354,138.927,819.778,180,100,92.023,23.21
162.354,138.927,819.778,180,100,92.023,23.252
162.354,138.927,819.778,180,100,92.023,23.285
162.354,138.927,819.778,180,100,92.023,23.33
162.354,138.927,819.778,180,100,92.023,23.379
162.354,138.927,819.778,180,100,92.023,23.415
162.354,138.927,819.778,180,100,92.023,23.462
162.354,138.927,819.778,180,100,92.023,23.509
162.354,138.927,819.778,180,100,92.023,23.553
162.354,138.927,819.778,180,100,92.023,23.596
162.354,138.927,819.778,180,100,92.023,23.639
162.354,138.927,819.778,180,100,92.023,23.672
162.354,138.927,819.778,180,100,92.023,23.721
162.354,138.927,819.778,180,100,92.023,23.757
162.354,138.927,819.778,180,100,92.023,23.798
162.354,138.927,819.778,180,100,92.023,23.845
162.354,138.927,819.778,180,100,92.023,23.881
162.354,138.927,819.778,180,100,92.023,23.934
162.354,138.927,819.778,180,100,92.023,23.986
162.354,138.927,819.778,180,100,92.023,24.027
162.354,138.927,819.778,180,150,92.023,24.064
162.354,138.927,819.778,180,150,92.023,24.107
162.354,138.927,819.778,180,150,92.023,24.14
162.354,138.927,819.778,180,150,92.023,24.203
162.354,138.927,819.778,180,150,92.023,24.275
162.354,138.927,819.778,180,150,92.023,24.334
162.354,138.927,819.778,180,150,92.023,24.384
162.354,138.927,819.778,180,150,92.023,24.422
162.354,138.927,819.778,180,150,92.023,24.463
162.354,138.927,819.778,180,150,92.023,24.51
162.354,138.927,819.778,180,150,92.023,24.542
162.354,138.927,819.778,180,150,92.023,24.594
162.354,138.927,819.778,180,150,92.023,24.645
162.354,138.927,819.778,180,150,92.023,24.676
162.354,138.927,819.778,180,150,92.023,24.725
162.354,138.927,819.778,180,150,92.023,24.76
162.354,138.927,819.778,180,150,92.023,24.789
162.354,138.927,819.778,180,150,92.023,24.813
162.354,138.927,819.778,180,150,92.023,24.847
162.354,138.927,819.778,180,150,92.023,24.885
162.354,138.927,819.778,180,150,92.023,24.93
162.354,138.927,819.778,180,150,92.023,24.985
162.354,138.927,819.778,180,150,92.023,25.019
162.354,138.927,819.778,180,150,92.023,25.073
162.354,138.927,819.778,180,150,92.023,25.117
162.354,138.927,819.778,180,150,92.023,25.152
162.354,138.927,819.778,180,150,92.023,25.196
162.354,138.927,819.778,180,150,92.023,25.241
162.354,138.927,819.778,180,150,92.023,25.275
162.354,138.927,819.778,180,150,92.023,25.319
162.354,138.927,819.778,180,150,92.023,25.362
162.354,138.927,819.778,180,150,92.023,25.399
162.354,138.927,819.778,180,150,92.023,25.443
162.354,138.927,819.778,180,150,92.023,25.477
162.354,138.927,819.778,180,150,92.023,25.521
162.354,138.927,819.778,180,150,92.023,25.565
162.354,138.927,819.778,180,150,92.023,25.599
162.354,138.927,819.778,180,150,92.023,25.64
162.354,138.927,819.778,180,150,92.023,25.673
162.354,138.927,819.778,180,150,92.023,25.721
162.354,138.927,819.778,180,150,92.023,25.771
162.354,138.927,819.778,180,150,92.023,25.805
162.354,138.927,819.778,180,150,92.023,25.862
162.354,138.927,819.778,180,150,92.023,25.903
162.354,138.927,819.778,180,150,92.023,25.944
162.354,138.927,819.778,180,150,92.023,25.986
162.354,138.927,819.778,180,150,92.023,26.02
162.354,138.927,819.778,180,150,92.023,26.06
162.354,138.927,819.778,180,150,92.023,26.114
162.354,138.927,819.778,180,150,92.023,26.145
162.354,138.927,819.778,180,150,92.023,26.189
162.354,138.927,819.778,180,150,92.023,26.229
162.354,138.927,819.778,180,150,92.023,26.278
162.354,138.927,819.778,180,150,92.023,26.319
162.354,138.927,819.778,180,150,92.023,26.361
162.354,138.927,819.778,180,150,92.023,26.411
162.354,138.927,819.778,180,150,92.023,26.463
162.354,138.927,819.778,180,150,92.023,26.517
162.354,138.927,819.778,180,150,92.023,26.549
162.354,138.927,819.778,180,150,92.023,26.593
162.354,138.927,819.778,180,150,92.023,26.649
162.354,138.927,819.778,180,150,92.023,26.682
162.354,138.927,819.778,180,150,92.023,26.728
162.354,138.927,819.778,180,150,92.023,26.775
162.354,138.927,819.778,180,150,92.023,26.819
162.354,138.927,819.778,180,150,92.023,26.872
162.354,138.927,819.778,180,150,92.023,26.919
162.354,138.927,819.778,180,150,92.023,26.965
162.354,138.927,819.778,180,150,92.023,27.011
162.354,138.927,819.778,280,100,92.023,27.053
162.354,138.927,819.778,280,100,92.023,27.099
162.354,138.927,819.778,280,100,92.023,27.135
162.354,138.927,819.778,280,100,92.023,27.177
162.354,138.927,819.778,280,100,92.023,27.21
162.354,138.927,819.778,280,100,92.023,27.25
162.354,138.927,819.778,280,100,92.023,27.295
162.354,138.927,819.778,280,100,92.023,27.332
162.354,138.927,819.778,280,100,92.023,27.377
162.354,138.927,819.778,280,100,92.023,27.426
162.354,138.927,819.778,280,100,92.023,27.474
162.354,138.927,819.778,280,100,92.023,27.518
162.354,138.927,819.778,280,100,92.023,27.552
162.354,138.927,819.778,280,100,92.023,27.594
162.354,138.927,819.778,280,100,92.023,27.637
162.354,138.927,819.778,280,100,92.023,27.671
162.354,138.927,819.778,280,100,92.023,27.714
162.354,138.927,819.778,280,100,92.023,27.74
162.354,138.927,819.778,280,100,92.023,27.774
162.354,138.927,819.778,280,100,92.023,27.799
162.354,138.927,819.778,280,100,92.023,27.83
162.354,138.927,819.778,280,100,92.023,27.857
162.354,138.927,819.778,280,100,92.023,27.894
162.354,138.927,819.778,280,100,92.023,27.923
162.354,138.927,819.778,280,100,92.023,27.965
162.354,138.927,819.778,280,100,92.023,28.009
162.354,138.927,819.778,280,100,92.023,28.057
162.354,138.927,819.778,280,100,92.023,28.112
162.354,138.927,819.778,280,100,92.023,28.147
162.354,138.927,819.778,280,100,92.023,28.192
162.354,138.927,819.778,280,100,92.023,28.247
162.354,138.927,819.778,280,100,92.023,28.279
162.354,138.927,819.778,280,100,92.023,28.339
162.354,138.927,819.778,280,100,92.023,28.383
162.354,138.927,819.778,280,100,92.023,28.419
162.354,138.927,819.778,280,100,92.023,28.463
162.354,138.927,819.778,280,100,92.023,28.513
162.354,138.927,819.778,280,100,92.023,28.559
162.354,138.927,819.778,280,100,92.023,28.608
162.354,138.927,819.778,280,100,92.023,28.653
162.354,138.927,819.778,280,100,92.023,28.691
162.354,138.927,819.778,280,100,92.023,28.729
162.354,138.927,819.778,280,100,92.023,28.772
162.354,138.927,819.778,280,100,92.023,28.818
162.354,138.927,819.778,280,100,92.023,28.866
162.354,138.927,819.778,280,100,92.023,28.914
162.354,138.927,819.778,280,100,92.023,28.948
162.354,138.927,819.778,280,100,92.023,28.993
162.354,138.927,819.778,280,100,92.023,29.036
162.354,138.927,819.778,280,100,92.023,29.072
162.354,138.927,819.778,280,100,92.023,29.117
162.354,138.927,819.778,280,100,92.023,29.161
162.354,138.927,819.778,280,100,92.023,29.199
162.354,138.927,819.778,280,100,92.023,29.246
162.354,138.927,819.778,280,100,92.023,29.288
162.354,138.927,819.778,280,100,92.023,29.353
162.354,138.927,819.778,280,100,92.023,29.406
162.354,138.927,819.778,280,100,92.023,29.45
162.354,138.927,819.778,280,100,92.023,29.489
162.354,138.927,819.778,280,100,92.023,29.54
162.354,138.927,819.778,280,100,92.023,29.584
162.354,138.927,819.778,280,100,92.023,29.619
162.354,138.927,819.778,280,100,92.023,29.665
162.354,138.927,819.778,280,100,92.023,29.718
162.354,138.927,819.778,280,100,92.023,29.757
162.354,138.927,819.778,280,100,92.023,29.798
162.354,138.927,819.778,280,100,92.023,29.844
162.354,138.927,819.778,280,100,92.023,29.892
162.354,138.927,819.778,280,100,92.023,29.947
162.354,138.927,819.778,280,100,92.023,29.997
162.354,138.927,819.778,280,100,92.023,30.049
162.354,138.927,819.778,280,200,92.023,30.083
162.354,138.927,819.778,280,200,92.023,30.13
162.354,138.927,819.778,280,200,92.023,30.174
162.354,138.927,819.778,280,200,92.023,30.219
162.354,138.927,819.778,280,200,92.023,30.26
162.354,138.927,819.778,280,200,92.023,30.312
162.354,138.927,819.778,280,200,92.023,30.342
162.354,138.927,819.778,280,200,92.023,30.384
162.354,138.927,819.778,280,200,92.023,30.42
162.354,138.927,819.778,280,200,92.023,30.474
162.354,138.927,819.778,280,200,92.023,30.527
162.354,138.927,819.778,280,200,92.023,30.57
162.354,138.927,819.778,280,200,92.023,30.605
162.354,138.927,819.778,280,200,92.023,30.66
162.354,138.927,819.778,280,200,92.023,30.711
162.354,138.927,819.778,280,200,92.023,30.736
162.354,138.927,819.778,280,200,92.023,30.768
162.354,138.927,819.778,280,200,92.023,30.791
162.354,138.927,819.778,280,200,92.023,30.832
162.354,138.927,819.778,280,200,92.023,30.861
162.354,138.927,819.778,280,200,92.023,30.905
162.354,138.927,819.778,280,200,92.023,30.937
162.354,138.927,819.778,280,200,92.023,30.982
162.354,138.927,819.778,280,200,92.023,31.024
162.354,138.927,819.778,280,200,92.023,31.061
162.354,138.927,819.778,280,200,92.023,31.108
162.354,138.927,819.778,280,200,92.023,31.14
162.354,138.927,819.778,280,200,92.023,31.186
162.354,138.927,819.778,280,200,92.023,31.223
162.354,138.927,819.778,280,200,92.023,31.262
162.354,138.927,819.778,280,200,92.023,31.315
162.354,138.927,819.778,280,200,92.023,31.346
162.354,138.927,819.778,280,200,92.023,31.392
162.354,138.927,819.778,280,200,92.023,31.446
162.354,138.927,819.778,280,200,92.023,31.49
162.354,138.927,819.778,280,200,92.023,31.549
162.354,138.927,819.778,280,200,92.023,31.606
162.354,138.927,819.778,280,200,92.023,31.654
162.354,138.927,819.778,280,200,92.023,31.69
162.354,138.927,819.778,280,200,92.023,31.733
162.354,138.927,819.778,280,200,92.023,31.778
162.354,138.927,819.778,280,200,92.023,31.81
162.354,138.927,819.778,280,200,92.023,31.853
162.354,138.927,819.778,280,200,92.023,31.887
162.354,138.927,819.778,280,200,92.023,31.949
162.354,138.927,819.778,280,200,92.023,32.004
162.354,138.927,819.778,280,200,92.023,32.05
162.354,138.927,819.778,280,200,92.023,32.085
162.354,138.927,819.778,280,200,92.023,32.134
162.354,138.927,819.778,280,200,92.023,32.19
162.354,138.927,819.778,280,200,92.023,32.233
162.354,138.927,819.778,280,200,92.023,32.267
162.354,138.927,819.778,280,200,92.023,32.322
162.354,138.927,819.778,280,200,92.023,32.357
162.354,138.927,819.778,280,200,92.023,32.411
162.354,138.927,819.778,280,200,92.023,32.468
162.354,138.927,819.778,280,200,92.023,32.525
162.354,138.927,819.778,280,200,92.023,32.568
162.354,138.927,819.778,280,200,92.023,32.605
162.354,138.927,819.778,280,200,92.023,32.648
162.354,138.927,819.778,280,200,92.023,32.688
162.354,138.927,819.778,280,200,92.023,32.735
162.354,138.927,819.778,280,200,92.023,32.78
162.354,138.927,819.778,280,200,92.023,32.824
162.354,138.927,819.778,280,200,92.023,32.886
162.354,138.927,819.778,280,200,92.023,32.937
162.354,138.927,819.778,280,200,92.023,32.992
162.354,138.927,819.778,280,200,92.023,33.041
162.354,138.927,819.778,230,200,92.023,33.078
162.354,138.927,819.778,230,200,92.023,33.14
162.354,138.927,819.778,230,200,92.023,33.188
162.354,138.927,819.778,230,200,92.023,33.235
162.354,138.927,819.778,230,200,92.023,33.277
162.354,138.927,819.778,230,200,92.023,33.322
162.354,138.927,819.778,230,200,92.023,33.359
162.354,138.927,819.778,230,200,92.023,33.398
162.354,138.927,819.778,230,200,92.023,33.44
162.354,138.927,819.778,230,200,92.023,33.473
162.354,138.927,819.778,230,200,92.023,33.52
162.354,138.927,819.778,230,200,92.023,33.554
162.354,138.927,819.778,230,200,92.023,33.599
162.354,138.927,819.778,230,200,92.023,33.64
162.354,138.927,819.778,230,200,92.023,33.673
162.354,138.927,819.778,230,200,92.023,33.721
162.354,138.927,819.778,230,200,92.023,33.767
162.354,138.927,819.778,230,200,92.023,33.801
162.354,138.927,819.778,230,200,92.023,33.856
162.354,138.927,819.778,230,200,92.023,33.904
162.354,138.927,819.778,230,200,92.023,33.929
162.354,138.927,819.778,230,200,92.023,33.969
162.354,138.927,819.778,230,200,92.023,34.005
162.354,138.927,819.778,230,200,92.023,34.055
162.354,138.927,819.778,230,200,92.023,34.094
162.354,138.927,819.778,230,200,92.023,34.131
162.354,138.927,819.778,230,200,92.023,34.174
162.354,138.927,819.778,230,200,92.023,34.208
162.354,138.927,819.778,230,200,92.023,34.252
162.354,138.927,819.778,230,200,92.023,34.284
162.354,138.927,819.778,230,200,92.023,34.327
162.354,138.927,819.778,230,200,92.023,34.379
162.354,138.927,819.778,230,200,92.023,34.412
162.354,138.927,819.778,230,200,92.023,34.456
162.354,138.927,819.778,230,200,92.023,34.513
162.354,138.927,819.778,230,200,92.023,34.544
162.354,138.927,819.778,230,200,92.023,34.59
162.354,138.927,819.778,230,200,92.023,34.634
162.354,138.927,819.778,230,200,92.023,34.668
162.354,138.927,819.778,230,200,92.023,34.71
162.354,138.927,819.778,230,200,92.023,34.754
162.354,138.927,819.778,230,200,92.023,34.808
162.354,138.927,819.778,230,200,92.023,34.85
162.354,138.927,819.778,230,200,92.023,34.885
162.354,138.927,819.778,230,200,92.023,34.927
162.354,138.927,819.778,230,200,92.023,34.967
162.354,138.927,819.778,230,200,92.023,35.004
162.354,138.927,819.778,230,200,92.023,35.047
162.354,138.927,819.778,230,200,92.023,35.092
162.354,138.927,819.778,230,200,92.023,35.132
162.354,138.927,819.778,230,200,92.023,35.174
162.354,138.927,819.778,230,200,92.023,35.21
162.354,138.927,819.778,230,200,92.023,35.261
162.354,138.927,819.778,230,200,92.023,35.306
162.354,138.927,819.778,230,200,92.023,35.352
162.354,138.927,819.778,230,200,92.023,35.41
162.354,138.927,819.778,230,200,92.023,35.466
162.354,138.927,819.778,230,200,92.023,35.522
162.354,138.927,819.778,230,200,92.023,35.557
162.354,138.927,819.778,230,200,92.023,35.594
162.354,138.927,819.778,230,200,92.023,35.646
162.354,138.927,819.778,230,200,92.023,35.682
162.354,138.927,819.778,230,200,92.023,35.728
162.354,138.927,819.778,230,200,92.023,35.775
162.354,138.927,819.778,230,200,92.023,35.809
162.354,138.927,819.778,230,200,92.023,35.861
162.354,138.927,819.778,230,200,92.023,35.919
162.354,138.927,819.778,230,200,92.023,35.95
162.354,138.927,819.778,230,200,92.023,35.996
162.354,138.927,819.778,230,200,92.023,36.04
162.354,138.927,819.778,230,100,92.023,36.079
162.354,138.927,819.778,230,100,92.023,36.123
162.354,138.927,819.778,230,100,92.023,36.175
162.354,138.927,819.778,230,100,92.023,36.223
162.354,138.927,819.778,230,100,92.023,36.265
162.354,138.927,819.778,230,100,92.023,36.313
162.354,138.927,819.778,230,100,92.023,36.344
162.354,138.927,819.778,230,100,92.023,36.387
162.354,138.927,819.778,230,100,92.023,36.432
162.354,138.927,819.778,230,100,92.023,36.465
162.354,138.927,819.778,230,100,92.023,36.521
162.354,138.927,819.778,230,100,92.023,36.563
162.354,138.927,819.778,230,100,92.023,36.599
162.354,138.927,819.778,230,100,92.023,36.643
162.354,138.927,819.778,230,100,92.023,36.68
162.354,138.927,819.778,230,100,92.023,36.724
162.354,138.927,819.778,230,100,92.023,36.766
162.354,138.927,819.778,230,100,92.023,36.799
162.354,138.927,819.778,230,100,92.023,36.844
162.354,138.927,819.778,230,100,92.023,36.87
162.354,138.927,819.778,230,100,92.023,36.901
162.354,138.927,819.778,230,100,92.023,36.926
162.354,138.927,819.778,230,100,92.023,36.957
162.354,138.927,819.778,230,100,92.023,36.989
162.354,138.927,819.778,230,100,92.023,37.036
162.354,138.927,819.778,230,100,92.023,37.071
162.354,138.927,819.778,230,100,92.023,37.134
162.354,138.927,819.778,230,100,92.023,37.189
162.354,138.927,819.778,230,100,92.023,37.23
162.354,138.927,819.778,230,100,92.023,37.264
162.354,138.927,819.778,230,100,92.023,37.306
162.354,138.927,819.778,230,100,92.023,37.347
162.354,138.927,819.778,230,100,92.023,37.388
162.354,138.927,819.778,230,100,92.023,37.437
162.354,138.927,819.778,230,100,92.023,37.47
162.354,138.927,819.778,230,100,92.023,37.511
162.354,138.927,819.778,230,100,92.023,37.542
162.354,138.927,819.778,230,100,92.023,37.585
162.354,138.927,819.778,230,100,92.023,37.628
162.354,138.927,819.778,230,100,92.023,37.664
162.354,138.927,819.778,230,100,92.023,37.707
162.354,138.927,819.778,230,100,92.023,37.74
162.354,138.927,819.778,230,100,92.023,37.787
162.354,138.927,819.778,230,100,92.023,37.819
162.354,138.927,819.778,230,100,92.023,37.861
162.354,138.927,819.778,230,100,92.023,37.905
162.354,138.927,819.778,230,100,92.023,37.939
162.354,138.927,819.778,230,100,92.023,37.984
162.354,138.927,819.778,230,100,92.023,38.016
162.354,138.927,819.778,230,100,92.023,38.06
162.354,138.927,819.778,230,100,92.023,38.12
162.354,138.927,819.778,230,100,92.023,38.156
162.354,138.927,819.778,230,100,92.023,38.196
162.354,138.927,819.778,230,100,92.023,38.238
162.354,138.927,819.778,230,100,92.023,38.282
162.354,138.927,819.778,230,100,92.023,38.325
162.354,138.927,819.778,230,100,92.023,38.367
162.354,138.927,819.778,230,100,92.023,38.402
162.354,138.927,819.778,230,100,92.023,38.444
162.354,138.927,819.778,230,100,92.023,38.479
162.354,138.927,819.778,230,100,92.023,38.524
162.354,138.927,819.778,230,100,92.023,38.57
162.354,138.927,819.778,230,100,92.023,38.606
162.354,138.927,819.778,230,100,92.023,38.665
162.354,138.927,819.778,230,100,92.023,38.722
162.354,138.927,819.778,230,100,92.023,38.774
162.354,138.927,819.778,230,100,92.023,38.812
162.354,138.927,819.778,230,100,92.023,38.855
162.354,138.927,819.778,230,100,92.023,38.896
162.354,138.927,819.778,230,100,92.023,38.94
162.354,138.927,819.778,230,100,92.023,38.986
162.354,138.927,819.778,230,100,92.023,39.021
162.354,138.927,819.778,230,150,92.023,39.068
162.354,138.927,819.778,230,150,92.023,39.108
162.354,138.927,819.778,230,150,92.023,39.155
162.354,138.927,819.778,230,150,92.023,39.213
162.354,138.927,819.778,230,150,92.023,39.258
162.354,138.927,819.778,230,150,92.023,39.315
162.354,138.927,819.778,230,150,92.023,39.362
162.354,138.927,819.778,230,150,92.023,39.398
162.354,138.927,819.778,230,150,92.023,39.456
162.354,138.927,819.778,230,150,92.023,39.502
162.354,138.927,819.778,230,150,92.023,39.534
162.354,138.927,819.778,230,150,92.023,39.577
162.354,138.927,819.778,230,150,92.023,39.609
162.354,138.927,819.778,230,150,92.023,39.662
162.354,138.927,819.778,230,150,92.023,39.708
162.354,138.927,819.778,230,150,92.023,39.781
162.354,138.927,819.778,230,150,92.023,39.818
162.354,138.927,819.778,230,150,92.023,39.86
162.354,138.927,819.778,230,150,92.023,39.902
162.354,138.927,819.778,230,150,92.023,39.937
162.354,138.927,819.778,230,150,92.023,39.974
162.354,138.927,819.778,230,150,92.023,40
162.354,138.927,819.778,230,150,92.023,40.05
162.354,138.927,819.778,230,150,92.023,40.094
162.354,138.927,819.778,230,150,92.023,40.136
162.354,138.927,819.778,230,150,92.023,40.181
162.354,138.927,819.778,230,150,92.023,40.216
162.354,138.927,819.778,230,150,92.023,40.269
162.354,138.927,819.778,230,150,92.023,40.311
162.354,138.927,819.778,230,150,92.023,40.345
162.354,138.927,819.778,230,150,92.023,40.397
162.354,138.927,819.778,230,150,92.023,40.441
162.354,138.927,819.778,230,150,92.023,40.477
162.354,138.927,819.778,230,150,92.023,40.525
162.354,138.927,819.778,230,150,92.023,40.581
162.354,138.927,819.778,230,150,92.023,40.615
162.354,138.927,819.778,230,150,92.023,40.67
162.354,138.927,819.778,230,150,92.023,40.717
162.354,138.927,819.778,230,150,92.023,40.765
162.354,138.927,819.778,230,150,92.023,40.81
162.354,138.927,819.778,230,150,92.023,40.856
162.354,138.927,819.778,230,150,92.023,40.909
162.354,138.927,819.778,230,150,92.023,40.949
162.354,138.927,819.778,230,150,92.023,40.995
162.354,138.927,819.778,230,150,92.023,41.039
162.354,138.927,819.778,230,150,92.023,41.084
162.354,138.927,819.778,230,150,92.023,41.129
162.354,138.927,819.778,230,150,92.023,41.172
162.354,138.927,819.778,230,150,92.023,41.218
162.354,138.927,819.778,230,150,92.023,41.262
162.354,138.927,819.778,230,150,92.023,41.312
162.354,138.927,819.778,230,150,92.023,41.346
162.354,138.927,819.778,230,150,92.023,41.387
162.354,138.927,819.778,230,150,92.023,41.423
162.354,138.927,819.778,230,150,92.023,41.462
162.354,138.927,819.778,230,150,92.023,41.514
162.354,138.927,819.778,230,150,92.023,41.552
162.354,138.927,819.778,230,150,92.023,41.601
162.354,138.927,819.778,230,150,92.023,41.66
162.354,138.927,819.778,230,150,92.023,41.71
162.354,138.927,819.778,230,150,92.023,41.744
162.354,138.927,819.778,230,150,92.023,41.789
162.354,138.927,819.778,230,150,92.023,41.827
162.354,138.927,819.778,230,150,92.023,41.865
162.354,138.927,819.778,230,150,92.023,41.91
162.354,138.927,819.778,230,150,92.023,41.946
162.354,138.927,819.778,230,150,92.023,41.988
162.354,138.927,819.778,230,150,92.023,42.027
162.354,138.927,819.778,205,150,92.023,42.078
162.354,138.927,819.778,205,150,92.023,42.134
162.354,138.927,819.778,205,150,92.023,42.191
162.354,138.927,819.778,205,150,92.023,42.233
162.354,138.927,819.778,205,150,92.023,42.271
162.354,138.927,819.778,205,150,92.023,42.318
162.354,138.927,819.778,205,150,92.023,42.356
162.354,138.927,819.778,205,150,92.023,42.399
162.354,138.927,819.778,205,150,92.023,42.444
162.354,138.927,819.778,205,150,92.023,42.479
162.354,138.927,819.778,205,150,92.023,42.524
162.354,138.927,819.778,205,150,92.023,42.567
162.354,138.927,819.778,205,150,92.023,42.6
162.354,138.927,819.778,205,150,92.023,42.648
162.354,138.927,819.778,205,150,92.023,42.694
162.354,138.927,819.778,205,150,92.023,42.739
162.354,138.927,819.778,205,150,92.023,42.783
162.354,138.927,819.778,205,150,92.023,42.826
162.354,138.927,819.778,205,150,92.023,42.866
162.354,138.927,819.778,205,150,92.023,42.92
162.354,138.927,819.778,205,150,92.023,42.958
162.354,138.927,819.778,205,150,92.023,42.99
162.354,138.927,819.778,205,150,92.023,43.027
162.354,138.927,819.778,205,150,92.023,43.067
162.354,138.927,819.778,205,150,92.023,43.123
162.354,138.927,819.778,205,150,92.023,43.169
162.354,138.927,819.778,205,150,92.023,43.22
162.354,138.927,819.778,205,150,92.023,43.261
162.354,138.927,819.778,205,150,92.023,43.304
162.354,138.927,819.778,205,150,92.023,43.346
162.354,138.927,819.778,205,150,92.023,43.393
162.354,138.927,819.778,205,150,92.023,43.444
162.354,138.927,819.778,205,150,92.023,43.494
162.354,138.927,819.778,205,150,92.023,43.53
162.354,138.927,819.778,205,150,92.023,43.589
162.354,138.927,819.778,205,150,92.023,43.646
162.354,138.927,819.778,205,150,92.023,43.682
162.354,138.927,819.778,205,150,92.023,43.729
162.354,138.927,819.778,205,150,92.023,43.775
162.354,138.927,819.778,205,150,92.023,43.807
162.354,138.927,819.778,205,150,92.023,43.869
162.354,138.927,819.778,205,150,92.023,43.912
162.354,138.927,819.778,205,150,92.023,43.959
162.354,138.927,819.778,205,150,92.023,43.999
162.354,138.927,819.778,205,150,92.023,44.042
162.354,138.927,819.778,205,150,92.023,44.089
162.354,138.927,819.778,205,150,92.023,44.137
162.354,138.927,819.778,205,150,92.023,44.182
162.354,138.927,819.778,205,150,92.023,44.218
162.354,138.927,819.778,205,150,92.023,44.262
162.354,138.927,819.778,205,150,92.023,44.316
162.354,138.927,819.778,205,150,92.023,44.352
162.354,138.927,819.778,205,150,92.023,44.406
162.354,138.927,819.778,205,150,92.023,44.449
162.354,138.927,819.778,205,150,92.023,44.487
162.354,138.927,819.778,205,150,92.023,44.544
162.354,138.927,819.778,205,150,92.023,44.592
162.354,138.927,819.778,205,150,92.023,44.638
162.354,138.927,819.778,205,150,92.023,44.681
162.354,138.927,819.778,205,150,92.023,44.728
162.354,138.927,819.778,205,150,92.023,44.77
162.354,138.927,819.778,205,150,92.023,44.804
162.354,138.927,819.778,205,150,92.023,44.85
162.354,138.927,819.778,205,150,92.023,44.894
162.354,138.927,819.778,205,150,92.023,44.931
162.354,138.927,819.778,205,150,92.023,44.985
162.354,138.927,819.778,205,150,92.023,45.03
162.354,138.927,819.778,205,150,92.023,45.064
162.354,138.927,819.778,205,150,92.023,45.121
162.354,138.927,819.778,205,150,92.023,45.158
162.354,138.927,819.778,205,150,92.023,45.2
162.354,138.927,819.778,205,150,92.023,45.244
162.354,138.927,819.778,205,150,92.023,45.279
162.354,138.927,819.778,205,150,92.023,45.333
162.354,138.927,819.778,205,150,92.023,45.378
162.354,138.927,819.778,205,150,92.023,45.429
162.354,138.927,819.778,205,150,92.023,45.464
